anno,parte,formato,nome_file,data_aggiornamento
2024,1,PDF,5x1000-AF2024 - Elenco destinatari ammessi al contributo - 1,13/02/2026
2024,2,PDF,5x1000-AF2024 - Elenco destinatari ammessi al contributo - 2,13/02/2026
2024,3,PDF,5x1000-AF2024 - Elenco destinatari ammessi al contributo - 3,13/02/2026
2024,4,PDF,5x1000-AF2024 - Elenco destinatari ammessi al contributo - 4,13/02/2026
2024,5,PDF,5x1000-AF2024 - Elenco destinatari ammessi al contributo - 5,13/02/2026
2024,6,PDF,5x1000-AF2024 - Elenco destinatari ammessi al contributo - 6,13/02/2026
2024,7,PDF,5x1000-AF2024 - Elenco destinatari ammessi al contributo - 7,13/02/2026
2024,1,CSV,5x1000-AF2024 - Elenco destinatari ammessi al contributo - 1,13/02/2026
2024,2,CSV,5x1000-AF2024 - Elenco destinatari ammessi al contributo - 2,13/02/2026
2024,3,CSV,5x1000-AF2024 - Elenco destinatari ammessi al contributo - 3,13/02/2026
2024,4,CSV,5x1000-AF2024 - Elenco destinatari ammessi al contributo - 4,13/02/2026
2024,5,CSV,5x1000-AF2024 - Elenco destinatari ammessi al contributo - 5,13/02/2026
2024,6,CSV,5x1000-AF2024 - Elenco destinatari ammessi al contributo - 6,13/02/2026
2024,7,CSV,5x1000-AF2024 - Elenco destinatari ammessi al contributo - 7,13/02/2026
2023,1,PDF,5X1000-AF2023 - Elenco destinatari ammessi al contributo - 1 - agg. 16.09.2024,16/09/2024
2023,2,PDF,5X1000-AF2023 - Elenco destinatari ammessi al contributo - 2 - agg. 16.09.2024,16/09/2024
2023,3,PDF,5X1000-AF2023 - Elenco destinatari ammessi al contributo - 3 - agg. 16.09.2024,16/09/2024
2023,4,PDF,5X1000-AF2023 - Elenco destinatari ammessi al contributo - 4 - agg. 16.09.2024,16/09/2024
2023,5,PDF,5X1000-AF2023 - Elenco destinatari ammessi al contributo - 5 - agg. 16.09.2024,16/09/2024
2023,6,PDF,5X1000-AF2023 - Elenco destinatari ammessi al contributo - 6 - agg. 16.09.2024,16/09/2024
2023,1,CSV,5X1000-AF2023 - Elenco destinatari ammessi al contributo - 1 - agg. 16.09.2024,16/09/2024
2023,2,CSV,5X1000-AF2023 - Elenco destinatari ammessi al contributo - 2 - agg. 16.09.2024,16/09/2024
2023,3,CSV,5X1000-AF2023 - Elenco destinatari ammessi al contributo - 3 - agg. 16.09.2024,16/09/2024
2023,4,CSV,5X1000-AF2023 - Elenco destinatari ammessi al contributo - 4 - agg. 16.09.2024,16/09/2024
2023,5,CSV,5X1000-AF2023 - Elenco destinatari ammessi al contributo - 5 - agg. 16.09.2024,16/09/2024
2023,6,CSV,5X1000-AF2023 - Elenco destinatari ammessi al contributo - 6 - agg. 16.09.2024,16/09/2024
2022,1,PDF,5X1000-AF2022 - Elenco destinatari ammessi al contributo - 1 - agg. 04.10.2024,04/10/2024
2022,2,PDF,5X1000-AF2022 - Elenco destinatari ammessi al contributo - 2 - agg. 04.10.2024,04/10/2024
2022,3,PDF,5X1000-AF2022 - Elenco destinatari ammessi al contributo - 3 - agg. 04.10.2024,04/10/2024
2022,4,PDF,5X1000-AF2022 - Elenco destinatari ammessi al contributo - 4 - agg. 04.10.2024,04/10/2024
2022,5,PDF,5X1000-AF2022 - Elenco destinatari ammessi al contributo - 5 - agg. 04.10.2024,04/10/2024
2022,6,PDF,5X1000-AF2022 - Elenco destinatari ammessi al contributo - 6 - agg. 04.10.2024,04/10/2024
2022,1,CSV,5X1000-AF2022 - Elenco destinatari ammessi al contributo - 1 - agg. 04.10.2024,04/10/2024
2022,2,CSV,5X1000-AF2022 - Elenco destinatari ammessi al contributo - 2 - agg. 04.10.2024,04/10/2024
2022,3,CSV,5X1000-AF2022 - Elenco destinatari ammessi al contributo - 3 - agg. 04.10.2024,04/10/2024
2022,4,CSV,5X1000-AF2022 - Elenco destinatari ammessi al contributo - 4 - agg. 04.10.2024,04/10/2024
2022,5,CSV,5X1000-AF2022 - Elenco destinatari ammessi al contributo - 5 - agg. 04.10.2024,04/10/2024
2022,6,CSV,5X1000-AF2022 - Elenco destinatari ammessi al contributo - 6 - agg. 04.10.2024,04/10/2024
2021,1,PDF,5X1000 - AF 2021 - Elenchi destinatari ammessi al contributo aggiornati al 18 novembre 2022 - P01,18/11/2022
2021,2,PDF,5X1000 - AF 2021 - Elenchi destinatari ammessi al contributo aggiornati al 18 novembre 2022 - P02,18/11/2022
2021,3,PDF,5X1000 - AF 2021 - Elenchi destinatari ammessi al contributo aggiornati al 18 novembre 2022 - P03,18/11/2022
2021,4,PDF,5X1000 - AF 2021 - Elenchi destinatari ammessi al contributo aggiornati al 18 novembre 2022 - P04,18/11/2022
2021,5,PDF,5X1000 - AF 2021 - Elenchi destinatari ammessi al contributo aggiornati al 18 novembre 2022 - P05,18/11/2022
2021,6,PDF,5X1000 - AF 2021 - Elenchi destinatari ammessi al contributo aggiornati al 18 novembre 2022 - P06,18/11/2022
2020,1,PDF,5X1000 - AF 2020 - Elenco ammessi al contributo -1- agg.10.11.2021,10/11/2021
2020,2,PDF,5X1000 - AF 2020 - Elenco ammessi al contributo -2- agg.10.11.2021,10/11/2021
2020,3,PDF,5X1000 - AF 2020 - Elenco ammessi al contributo -3- agg.10.11.2021,10/11/2021
2020,4,PDF,5X1000 - AF 2020 - Elenco ammessi al contributo -4- agg.10.11.2021,10/11/2021
2020,5,PDF,5X1000 - AF 2020 - Elenco ammessi al contributo -5- agg.10.11.2021,10/11/2021
2019,1,PDF,5v1000 AF 2019 - Elenco destinatari ammessi al contributo - 1 - agg. 20.03.2026,20/03/2026
2019,2,PDF,5v1000 AF 2019 - Elenco destinatari ammessi al contributo - 2 - agg. 20.03.2026,20/03/2026
2019,3,PDF,5v1000 AF 2019 - Elenco destinatari ammessi al contributo - 3 - agg. 20.03.2026,20/03/2026
2019,4,PDF,5v1000 AF 2019 - Elenco destinatari ammessi al contributo - 4 - agg. 20.03.2026,20/03/2026
2019,5,PDF,5v1000 AF 2019 - Elenco destinatari ammessi al contributo - 5 - agg. 20.03.2026,20/03/2026
2019,1,CSV,5v1000 AF 2019 - Elenco destinatari ammessi al contributo - 1 - agg. 20.03.2026,20/03/2026
2019,2,CSV,5v1000 AF 2019 - Elenco destinatari ammessi al contributo - 2 - agg. 20.03.2026,20/03/2026
2019,3,CSV,5v1000 AF 2019 - Elenco destinatari ammessi al contributo - 3 - agg. 20.03.2026,20/03/2026
2019,4,CSV,5v1000 AF 2019 - Elenco destinatari ammessi al contributo - 4 - agg. 20.03.2026,20/03/2026
2019,5,CSV,5v1000 AF 2019 - Elenco destinatari ammessi al contributo - 5 - agg. 20.03.2026,20/03/2026
2018,1,PDF,5X1000 - AF 2018 - Elenco destinatari ammessi al contributo - 1 - agg. 06.11.2023,06/11/2023
2018,2,PDF,5X1000 - AF 2018 - Elenco destinatari ammessi al contributo - 2 - agg. 06.11.2023,06/11/2023
2018,3,PDF,5X1000 - AF 2018 - Elenco destinatari ammessi al contributo - 3 - agg. 06.11.2023,06/11/2023
2018,4,PDF,5X1000 - AF 2018 - Elenco destinatari ammessi al contributo - 4 - agg. 06.11.2023,06/11/2023
2018,5,PDF,5X1000 - AF 2018 - Elenco destinatari ammessi al contributo - 5 - agg. 06.11.2023,06/11/2023
2017,1,PDF,5x1000 - AF 2017 - Elenco destinatari ammessi al contributo - 1 - agg. 24.01.2025,24/01/2025
2017,2,PDF,5x1000 - AF 2017 - Elenco destinatari ammessi al contributo - 2 - agg. 24.01.2025,24/01/2025
2017,3,PDF,5x1000 - AF 2017 - Elenco destinatari ammessi al contributo - 3 - agg. 24.01.2025,24/01/2025
2017,4,PDF,5x1000 - AF 2017 - Elenco destinatari ammessi al contributo - 4 - agg. 24.01.2025,24/01/2025
2017,5,PDF,5x1000 - AF 2017 - Elenco destinatari ammessi al contributo - 5 - agg. 24.01.2025,24/01/2025
2017,1,CSV,5x1000 - AF 2017 - Elenco destinatari ammessi al contributo - 1 - agg. 24.01.2025,24/01/2025
2017,2,CSV,5x1000 - AF 2017 - Elenco destinatari ammessi al contributo - 2 - agg. 24.01.2025,24/01/2025
2017,3,CSV,5x1000 - AF 2017 - Elenco destinatari ammessi al contributo - 3 - agg. 24.01.2025,24/01/2025
2017,4,CSV,5x1000 - AF 2017 - Elenco destinatari ammessi al contributo - 4 - agg. 24.01.2025,24/01/2025
2017,5,CSV,5x1000 - AF 2017 - Elenco destinatari ammessi al contributo - 5 - agg. 24.01.2025,24/01/2025
2016,1,PDF,5X1000 - AF 2016 - Elenco ammessi al contributo -1- agg.23.02.2022,23/02/2022
2016,2,PDF,5X1000 - AF 2016 - Elenco ammessi al contributo -2- agg.23.02.2022,23/02/2022
2016,3,PDF,5X1000 - AF 2016 - Elenco ammessi al contributo -3- agg.23.02.2022,23/02/2022
2016,4,PDF,5X1000 - AF 2016 - Elenco ammessi al contributo -4- agg.23.02.2022,23/02/2022
2015,1,PDF,ELENCO TOTALE 2015 - 1 - AGG 9 GEN 2018,09/01/2018
2015,2,PDF,ELENCO TOTALE 2015 - 2 - AGG 9 GEN 2018,09/01/2018
2015,3,PDF,ELENCO TOTALE 2015 - 3 - AGG 9 GEN 2018,09/01/2018
2015,4,PDF,ELENCO TOTALE 2015 - 4 - AGG 9 GEN 2018,09/01/2018
2014,1,PDF,TOTALE ANNO FIN. 2014 - 1 - agg. 29 gennaio 2019,29/01/2019
2014,2,PDF,TOTALE ANNO FIN. 2014 - 2 - agg. 29 gennaio 2019,29/01/2019
2014,3,PDF,TOTALE ANNO FIN. 2014 - 3 - agg. 29 gennaio 2019,29/01/2019
2013,1,PDF,ELENCO TOTALE ANNO 2013 - 1 - agg. 27 dicembre 2017,27/12/2017
2013,2,PDF,ELENCO TOTALE ANNO 2013 - 2 - agg. 27 dicembre 2017,27/12/2017
2013,3,PDF,ELENCO TOTALE ANNO 2013 - 3 - agg. 27 dicembre 2017,27/12/2017
2013,4,PDF,ELENCO TOTALE ANNO 2013 - 4 - agg. 27 dicembre 2017,27/12/2017
2012,1,PDF,ELENCO TOTALE ANNO 2012 - 1 - agg. 28 gennaio 2019,28/01/2019
2012,2,PDF,ELENCO TOTALE ANNO 2012 - 2 - agg. 28 gennaio 2019,28/01/2019
2012,3,PDF,ELENCO TOTALE ANNO 2012 - 3 - agg. 28 gennaio 2019,28/01/2019
2011,1,PDF,ELENCO TOTALE ANNO 2011 - 1 - agg. 31 gennaio 2017,31/01/2017
2011,2,PDF,ELENCO TOTALE ANNO 2011 - 2 - agg. 31 gennaio 2017,31/01/2017
2010,1,PDF,TOTALE ANNO 2010 - 1 - aggiornato al 22 APRILE 2015,22/04/2015
2010,2,PDF,TOTALE ANNO 2010 - 2 - aggiornato al 22 APRILE 2015,22/04/2015
2010,3,PDF,TOTALE ANNO 2010 - 3 - aggiornato al 22 APRILE 2015,22/04/2015
2009,1,PDF,TOTALE ANNO 2009 - 1 - aggiornato al 4 SETTEMBRE 2015,04/09/2015
2009,2,PDF,TOTALE ANNO 2009 - 2 - aggiornato al 4 SETTEMBRE 2015,04/09/2015
2009,3,PDF,TOTALE ANNO 2009 - 3 - aggiornato al 4 SETTEMBRE 2015,04/09/2015
2008,1,PDF,TOTALE ANNO 2008 - 1 - aggiornato al 30 gennaio 2017,30/01/2017
2008,2,PDF,TOTALE ANNO 2008 - 2 - aggiornato al 30 gennaio 2017,30/01/2017
2007,1,PDF,TOTALE ANNO 2007 - 1 - aggiornato al 30 MAGGIO 2017,30/05/2017
2007,2,PDF,TOTALE ANNO 2007 - 2 - aggiornato al 30 MAGGIO 2017,30/05/2017
2006,1,PDF,TOTALE ANNO 2006 - 1 - aggiornato al 30 GIUGNO 2015,30/06/2015
2006,2,PDF,TOTALE ANNO 2006 - 2 - aggiornato al 30 GIUGNO 2015,30/06/2015
